model,mean,std
GSO1(PSO+PSO),3.02379e-02,1.80350e-02
GSO3(GSO+WOA),0.00000e+00,0.00000e+00
GSO4(GSO+OMWOA),0.00000e+00,0.00000e+00
IGSO(GSO+MWOA),0.00000e+00,0.00000e+00
MWOA,0.00000e+00,0.00000e+00
