"combination = [fitness_function_name, dimension, range0, range1, m, n, l1, l2, max_ep, c1 ,c2, function evaluation]",total_time,gBest_fitness
"['f25', 20, -1, 1, 20, 10, 10, 300, 5, 2.05, 2.05, 40000]",18.54,-1.2580383163949982
"['f25', 30, -1, 1, 20, 10, 10, 300, 5, 2.05, 2.05, 40000]",17.33,-1.8895843332222308
"['f25', 50, -1, 1, 25, 8, 10, 400, 5, 2.05, 2.05, 60000]",46.37,-3.1497739697656018
