"combination = [fitness_function_name, dimension, range0, range1, m, n, l1, l2, max_ep, c1 ,c2, c3, c4, function evaluation]",total_time,gBest_fitness
"['f7', 20, -1.28, 1.28, 20, 10, 10, 300, 5, 2.05, 2.05, 2.05, 2.05, 40000]",12.27,3.0298068851825475
"['f7', 30, -1.28, 1.28, 20, 10, 10, 300, 5, 2.05, 2.05, 2.05, 2.05, 40000]",15.28,2.7354695878873643
"['f7', 50, -1.28, 1.28, 25, 8, 10, 400, 5, 2.05, 2.05, 2.05, 2.05, 60000]",28.47,3.3433091842789673
"['f7', 100, -1.28, 1.28, 25, 10, 20, 600, 5, 2.05, 2.05, 2.05, 2.05, 100000]",49.79,2.20479480448701
