"combination = [fitness_function_name, dimension, range0, range1, m, n, l1, l2, max_ep, c1 ,c2, function evaluation]",total_time,gBest_fitness
"['f8', 20, -100, 100, 20, 10, 10, 300, 5, 2.05, 2.05, 40000]",10.38,2.197713741856607e+19
"['f8', 30, -100, 100, 20, 10, 10, 300, 5, 2.05, 2.05, 40000]",11.53,1.0505581871869314e-120
"['f8', 50, -100, 100, 25, 8, 10, 400, 5, 2.05, 2.05, 60000]",20.81,2.4733032091572764e-137
