model,mean,std
GSO1(PSO+PSO),3.38331e-02,2.67757e-02
GSO3(GSO+WOA),0.00000e+00,0.00000e+00
GSO4(GSO+OMWOA),0.00000e+00,0.00000e+00
IGSO(GSO+MWOA),0.00000e+00,0.00000e+00
MWOA,0.00000e+00,0.00000e+00
