model,mean,std
GSO1(PSO+PSO),4.39197e-02,1.43649e-02
GSO3(GSO+WOA),0.00000e+00,0.00000e+00
GSO4(GSO+OMWOA),0.00000e+00,0.00000e+00
IGSO(GSO+MWOA),0.00000e+00,0.00000e+00
MWOA,0.00000e+00,0.00000e+00
