model,mean,std
GSO1(PSO+PSO),6.95103e+00,1.30957e+00
GSO3(GSO+WOA),0.00000e+00,0.00000e+00
GSO4(GSO+OMWOA),0.00000e+00,0.00000e+00
IGSO(GSO+MWOA),0.00000e+00,0.00000e+00
MWOA,0.00000e+00,0.00000e+00
